id,name,lastname,price,flycode,typePassenger,statusFlight
62,Marysa,Aguilera,20000,MM0987B,FirstClass,En Horario
186,Ian,Aguilera,42000,MM0987B,ExecutiveClass,En Horario
310,Brnaba,Aguilera,37000,TU6789B,EconomyClass,Aterrizado
434,Brietta,Aguilera,42000,GU2345F,FirstClass,En Vuelo
558,Caren,Aguilera,15000,GU2345F,EconomyClass,En Vuelo
682,Tally,Aguilera,42000,HY4567D,EconomyClass,Demorado
806,Almira,Aguilera,42000,FR5678G,EconomyClass,En Horario
930,Emory,Aguilera,37000,BR3456J,EconomyClass,Demorado
53,Hyacinthie,Alarcón,15000,MM0987B,FirstClass,En Horario
177,Robbi,Alarcón,10000,MM0987B,ExecutiveClass,En Horario
301,Cos,Alarcón,30000,TU6789B,EconomyClass,Aterrizado
425,Jordan,Alarcón,33000,GU2345F,FirstClass,En Vuelo
549,Josiah,Alarcón,12000,GU2345F,EconomyClass,En Vuelo
673,Lambert,Alarcón,42000,HY4567D,EconomyClass,Demorado
797,Diahann,Alarcón,33000,FR5678G,ExecutiveClass,En Horario
921,Odie,Alarcón,20000,BR3456J,ExecutiveClass,Demorado
118,Stu,Alonso,12000,MM0987B,ExecutiveClass,En Horario
242,Broddie,Alonso,42000,TU6789B,ExecutiveClass,Aterrizado
366,Klarrisa,Alonso,18000,TU6789B,EconomyClass,Aterrizado
490,Tamarah,Alonso,50000,GU2345F,EconomyClass,En Vuelo
614,Fredia,Alonso,20000,HY4567D,ExecutiveClass,Demorado
738,Silvie,Alonso,12000,FR5678G,FirstClass,En Horario
862,Holden,Alonso,50000,FR5678G,EconomyClass,En Horario
986,Ferd,Alonso,25000,BA2491A,EconomyClass,Aterrizado
997,De witt,Alonso,12000,MM0987B,EconomyClass,En Horario
90,Margaretha,Alvarado,10000,MM0987B,ExecutiveClass,En Horario
214,Nicolina,Alvarado,30000,TU6789B,FirstClass,Aterrizado
338,Filbert,Alvarado,20000,TU6789B,EconomyClass,Aterrizado
462,Marsiella,Alvarado,20000,GU2345F,ExecutiveClass,En Vuelo
586,Umeko,Alvarado,30000,HY4567D,FirstClass,Demorado
710,Nikolaus,Alvarado,30000,HY4567D,EconomyClass,Demorado
834,Chad,Alvarado,15000,FR5678G,EconomyClass,En Horario
958,Trista,Alvarado,50000,BR3456J,EconomyClass,Demorado
65,Star,Aravena,33000,MM0987B,FirstClass,En Horario
189,Maible,Aravena,18000,MM0987B,ExecutiveClass,En Horario
313,Franchot,Aravena,12000,TU6789B,EconomyClass,Aterrizado
437,Any,Aravena,18000,GU2345F,FirstClass,En Vuelo
561,Sasha,Aravena,15000,GU2345F,EconomyClass,En Vuelo
685,Yul,Aravena,30000,HY4567D,EconomyClass,Demorado
809,Obadias,Aravena,10000,FR5678G,EconomyClass,En Horario
933,Gui,Aravena,20000,IB0800A,EconomyClass,Aterrizado
17,Ernesta,Araya,37000,BA2491A,FirstClass,Aterrizado
141,Coreen,Araya,18000,IB0800A,EconomyClass,Aterrizado
265,Blair,Araya,50000,TU6789B,ExecutiveClass,Aterrizado
389,Anna-maria,Araya,42000,TU6789B,EconomyClass,Aterrizado
513,Lorna,Araya,42000,MM0987B,EconomyClass,En Horario
637,Rosalia,Araya,18000,HY4567D,EconomyClass,Demorado
761,Galvan,Araya,33000,FR5678G,FirstClass,En Horario
885,Jan,Araya,18000,FR5678G,EconomyClass,En Horario
44,Margarete,Bravo,50000,BA2491A,ExecutiveClass,Aterrizado
168,Lodovico,Bravo,18000,IB0800A,EconomyClass,Aterrizado
292,Christiano,Bravo,50000,BA2491A,EconomyClass,Aterrizado
416,Dennie,Bravo,42000,TU6789B,EconomyClass,Aterrizado
540,Saunders,Bravo,25000,BA2491A,EconomyClass,Aterrizado
664,Natassia,Bravo,42000,HY4567D,EconomyClass,Demorado
788,Adelaida,Bravo,37000,FR5678G,ExecutiveClass,En Horario
912,Oren,Bravo,20000,MM0987B,EconomyClass,En Horario
93,Nicky,Bustamante,42000,MM0987B,ExecutiveClass,En Horario
217,Dwight,Bustamante,42000,TU6789B,FirstClass,Aterrizado
341,Rafaello,Bustamante,37000,TU6789B,EconomyClass,Aterrizado
465,Carley,Bustamante,12000,GU2345F,ExecutiveClass,En Vuelo
589,Hesther,Bustamante,33000,HY4567D,FirstClass,Demorado
713,Roslyn,Bustamante,25000,HY4567D,EconomyClass,Demorado
837,Corrina,Bustamante,50000,FR5678G,EconomyClass,En Horario
961,Ginnie,Bustamante,15000,BR3456J,EconomyClass,Demorado
81,Kylila,Bustos,12000,IB0800A,ExecutiveClass,Aterrizado
205,Mallorie,Bustos,30000,TU6789B,FirstClass,Aterrizado
329,Urbano,Bustos,50000,TU6789B,EconomyClass,Aterrizado
453,Portie,Bustos,15000,GU2345F,ExecutiveClass,En Vuelo
577,Adrianne,Bustos,10000,HY4567D,FirstClass,Demorado
701,Tedra,Bustos,33000,HY4567D,EconomyClass,Demorado
825,Andrei,Bustos,10000,FR5678G,EconomyClass,En Horario
949,Clerissa,Bustos,15000,BR3456J,EconomyClass,Demorado
48,Noella,Campos,15000,IB0800A,FirstClass,Aterrizado
172,Addy,Campos,33000,IB0800A,EconomyClass,Aterrizado
296,Leigh,Campos,37000,TU6789B,ExecutiveClass,Aterrizado
420,Lothaire,Campos,12000,TU6789B,EconomyClass,Aterrizado
544,Prisca,Campos,18000,GU2345F,EconomyClass,En Vuelo
668,Katina,Campos,20000,HY4567D,EconomyClass,Demorado
792,Jermayne,Campos,33000,FR5678G,ExecutiveClass,En Horario
916,Saunder,Campos,37000,MM0987B,EconomyClass,En Horario
32,Katey,Carrasco,42000,MM0987B,FirstClass,En Horario
156,Tanny,Carrasco,42000,IB0800A,EconomyClass,Aterrizado
280,Koenraad,Carrasco,20000,TU6789B,ExecutiveClass,Aterrizado
404,Willa,Carrasco,30000,TU6789B,EconomyClass,Aterrizado
528,Helen-elizabeth,Carrasco,20000,GU2345F,EconomyClass,En Vuelo
652,Cesaro,Carrasco,30000,HY4567D,EconomyClass,Demorado
776,Letta,Carrasco,10000,FR5678G,ExecutiveClass,En Horario
900,Riccardo,Carrasco,42000,BR3456J,FirstClass,Demorado
87,Joelle,Carvajal,37000,MM0987B,FirstClass,En Horario
211,Marcile,Carvajal,30000,TU6789B,FirstClass,Aterrizado
335,Rand,Carvajal,20000,TU6789B,EconomyClass,Aterrizado
459,Karen,Carvajal,20000,GU2345F,ExecutiveClass,En Vuelo
583,Annabell,Carvajal,15000,HY4567D,FirstClass,Demorado
707,Petronille,Carvajal,42000,HY4567D,EconomyClass,Demorado
831,Christina,Carvajal,37000,FR5678G,EconomyClass,En Horario
955,Delila,Carvajal,20000,MM0987B,EconomyClass,En Horario
21,Bobbye,Castillo,15000,BA2491A,FirstClass,Aterrizado
145,Dianna,Castillo,20000,IB0800A,EconomyClass,Aterrizado
269,Shirl,Castillo,20000,TU6789B,ExecutiveClass,Aterrizado
393,Barret,Castillo,10000,MM0987B,ExecutiveClass,En Horario
517,Danya,Castillo,25000,GU2345F,EconomyClass,En Vuelo
641,Maia,Castillo,10000,HY4567D,EconomyClass,Demorado
765,Jenny,Castillo,33000,FR5678G,ExecutiveClass,En Horario
889,Flo,Castillo,42000,FR5678G,EconomyClass,En Horario
25,Braden,Castro,25000,MM0987B,FirstClass,En Horario
149,Lena,Castro,25000,IB0800A,EconomyClass,Aterrizado
273,Bond,Castro,10000,TU6789B,ExecutiveClass,Aterrizado
397,Charil,Castro,33000,MM0987B,ExecutiveClass,En Horario
521,Sheridan,Castro,50000,GU2345F,EconomyClass,En Vuelo
645,Sarajane,Castro,10000,HY4567D,EconomyClass,Demorado
769,Egan,Castro,10000,FR5678G,ExecutiveClass,En Horario
893,Annamarie,Castro,20000,FR5678G,EconomyClass,En Horario
7,Kimberlee,Contreras,33000,BA2491A,FirstClass,Aterrizado
131,Tom,Contreras,33000,BA2491A,ExecutiveClass,Aterrizado
255,Yuri,Contreras,25000,BA2491A,EconomyClass,Aterrizado
379,Crawford,Contreras,12000,BA2491A,EconomyClass,Aterrizado
503,Patton,Contreras,15000,GU2345F,EconomyClass,En Vuelo
627,Nicola,Contreras,12000,HY4567D,ExecutiveClass,Demorado
751,Jude,Contreras,12000,FR5678G,FirstClass,En Horario
875,Saw,Contreras,15000,FR5678G,EconomyClass,En Horario
34,Redd,Cortés,42000,BA2491A,FirstClass,Aterrizado
158,Clarie,Cortés,42000,IB0800A,EconomyClass,Aterrizado
282,Edie,Cortés,25000,TU6789B,ExecutiveClass,Aterrizado
406,Fredric,Cortés,50000,TU6789B,EconomyClass,Aterrizado
530,Mort,Cortés,42000,GU2345F,EconomyClass,En Vuelo
654,Damara,Cortés,12000,HY4567D,EconomyClass,Demorado
778,Ingmar,Cortés,18000,FR5678G,ExecutiveClass,En Horario
902,Coral,Cortés,18000,BR3456J,FirstClass,Demorado
68,Cristobal,Cáceres,15000,IB0800A,FirstClass,Aterrizado
192,Farand,Cáceres,42000,MM0987B,ExecutiveClass,En Horario
316,Angelika,Cáceres,50000,BA2491A,EconomyClass,Aterrizado
440,Garold,Cáceres,20000,GU2345F,FirstClass,En Vuelo
564,Briney,Cáceres,12000,GU2345F,EconomyClass,En Vuelo
688,Xenos,Cáceres,37000,HY4567D,EconomyClass,Demorado
812,Maxy,Cáceres,15000,FR5678G,EconomyClass,En Horario
936,Carolina,Cáceres,33000,IB0800A,EconomyClass,Aterrizado
51,Marion,Cárdenas,50000,IB0800A,FirstClass,Aterrizado
175,Lorant,Cárdenas,50000,MM0987B,ExecutiveClass,En Horario
299,Jody,Cárdenas,33000,TU6789B,EconomyClass,Aterrizado
423,Keelby,Cárdenas,15000,GU2345F,FirstClass,En Vuelo
547,Marj,Cárdenas,18000,GU2345F,EconomyClass,En Vuelo
671,Jacqueline,Cárdenas,50000,HY4567D,EconomyClass,Demorado
795,Lorianna,Cárdenas,15000,FR5678G,ExecutiveClass,En Horario
919,Calypso,Cárdenas,12000,BR3456J,ExecutiveClass,Demorado
122,Linda,Domínguez,30000,IB0800A,ExecutiveClass,Aterrizado
246,Adam,Domínguez,20000,TU6789B,ExecutiveClass,Aterrizado
370,Ingrim,Domínguez,30000,TU6789B,EconomyClass,Aterrizado
494,Mirilla,Domínguez,30000,GU2345F,EconomyClass,En Vuelo
618,Orson,Domínguez,25000,HY4567D,ExecutiveClass,Demorado
742,Silvano,Domínguez,12000,FR5678G,FirstClass,En Horario
866,Rubi,Domínguez,18000,FR5678G,EconomyClass,En Horario
990,Chiarra,Domínguez,18000,MM0987B,EconomyClass,En Horario
91,Sully,Donoso,15000,MM0987B,ExecutiveClass,En Horario
215,Nita,Donoso,12000,TU6789B,FirstClass,Aterrizado
339,Nona,Donoso,30000,TU6789B,EconomyClass,Aterrizado
463,Shea,Donoso,12000,GU2345F,ExecutiveClass,En Vuelo
587,Hayes,Donoso,10000,HY4567D,FirstClass,Demorado
711,Cinda,Donoso,42000,HY4567D,EconomyClass,Demorado
835,Adelle,Donoso,10000,FR5678G,EconomyClass,En Horario
959,Shaughn,Donoso,15000,BR3456J,EconomyClass,Demorado
4,Kimbell,Díaz,50000,BA2491A,FirstClass,Aterrizado
113,Johnathon,Díaz,15000,IB0800A,ExecutiveClass,Aterrizado
128,Zacharie,Díaz,30000,BA2491A,ExecutiveClass,Aterrizado
237,Cathleen,Díaz,10000,TU6789B,FirstClass,Aterrizado
252,Karlotte,Díaz,20000,BA2491A,EconomyClass,Aterrizado
361,Sinclair,Díaz,50000,TU6789B,EconomyClass,Aterrizado
376,Vikky,Díaz,15000,BA2491A,EconomyClass,Aterrizado
485,Melisse,Díaz,10000,GU2345F,EconomyClass,En Vuelo
500,Warren,Díaz,25000,GU2345F,EconomyClass,En Vuelo
609,Bernita,Díaz,15000,HY4567D,ExecutiveClass,Demorado
624,Giraud,Díaz,15000,HY4567D,ExecutiveClass,Demorado
733,Evvy,Díaz,42000,IB0800A,EconomyClass,Aterrizado
748,Mitchael,Díaz,33000,FR5678G,FirstClass,En Horario
857,Devlen,Díaz,37000,FR5678G,EconomyClass,En Horario
872,Madonna,Díaz,10000,FR5678G,EconomyClass,En Horario
981,Genevieve,Díaz,20000,BA2491A,EconomyClass,Aterrizado
71,Shaughn,Escobar,15000,IB0800A,FirstClass,Aterrizado
195,Roderigo,Escobar,20000,BA2491A,ExecutiveClass,Aterrizado
319,Fan,Escobar,18000,BA2491A,EconomyClass,Aterrizado
443,Davon,Escobar,20000,GU2345F,ExecutiveClass,En Vuelo
567,Dur,Escobar,25000,GU2345F,EconomyClass,En Vuelo
691,Krishna,Escobar,50000,HY4567D,EconomyClass,Demorado
815,Lefty,Escobar,50000,FR5678G,EconomyClass,En Horario
939,Verina,Escobar,37000,IB0800A,EconomyClass,Aterrizado
19,Park,Espinoza,30000,MM0987B,FirstClass,En Horario
143,Jenna,Espinoza,25000,IB0800A,EconomyClass,Aterrizado
267,Abbie,Espinoza,25000,TU6789B,ExecutiveClass,Aterrizado
391,Sherwin,Espinoza,50000,MM0987B,ExecutiveClass,En Horario
515,Torrey,Espinoza,42000,GU2345F,EconomyClass,En Vuelo
639,Marylee,Espinoza,50000,HY4567D,EconomyClass,Demorado
763,Davidson,Espinoza,37000,FR5678G,FirstClass,En Horario
887,Guillermo,Espinoza,42000,FR5678G,EconomyClass,En Horario
99,Aleda,Farías,50000,IB0800A,ExecutiveClass,Aterrizado
223,Enrico,Farías,50000,TU6789B,FirstClass,Aterrizado
347,Tarra,Farías,12000,TU6789B,EconomyClass,Aterrizado
471,Ramsay,Farías,20000,GU2345F,ExecutiveClass,En Vuelo
595,Gray,Farías,42000,HY4567D,FirstClass,Demorado
719,Kamila,Farías,42000,IB0800A,EconomyClass,Aterrizado
843,Grant,Farías,33000,FR5678G,EconomyClass,En Horario
967,Esme,Farías,37000,BR3456J,EconomyClass,Demorado
30,Toby,Fernández,15000,IB0800A,FirstClass,Aterrizado
102,Ertha,Fernández,10000,IB0800A,ExecutiveClass,Aterrizado
154,Bertine,Fernández,25000,IB0800A,EconomyClass,Aterrizado
226,Trula,Fernández,30000,TU6789B,FirstClass,Aterrizado
278,Emory,Fernández,15000,TU6789B,ExecutiveClass,Aterrizado
350,Maiga,Fernández,20000,TU6789B,EconomyClass,Aterrizado
402,Rachel,Fernández,12000,MM0987B,EconomyClass,En Horario
474,Salomi,Fernández,10000,GU2345F,ExecutiveClass,En Vuelo
526,Homer,Fernández,10000,GU2345F,EconomyClass,En Vuelo
598,Eachelle,Fernández,37000,HY4567D,FirstClass,Demorado
650,Hugo,Fernández,30000,HY4567D,EconomyClass,Demorado
722,Joannes,Fernández,10000,IB0800A,EconomyClass,Aterrizado
774,Barde,Fernández,18000,FR5678G,ExecutiveClass,En Horario
846,Brendin,Fernández,10000,FR5678G,EconomyClass,En Horario
898,Ki,Fernández,30000,BR3456J,FirstClass,Demorado
970,Noach,Fernández,12000,IB0800A,EconomyClass,Aterrizado
40,Sydney,Figueroa,10000,MM0987B,FirstClass,En Horario
164,Cathrin,Figueroa,30000,IB0800A,EconomyClass,Aterrizado
288,Dudley,Figueroa,42000,BA2491A,EconomyClass,Aterrizado
412,Babita,Figueroa,30000,TU6789B,EconomyClass,Aterrizado
536,Delmar,Figueroa,42000,BA2491A,EconomyClass,Aterrizado
660,Cindi,Figueroa,12000,HY4567D,EconomyClass,Demorado
784,Marianne,Figueroa,33000,FR5678G,ExecutiveClass,En Horario
908,Brittany,Figueroa,18000,MM0987B,EconomyClass,En Horario
18,Cirillo,Flores,50000,MM0987B,FirstClass,En Horario
142,Tanya,Flores,30000,IB0800A,EconomyClass,Aterrizado
266,Arel,Flores,30000,TU6789B,ExecutiveClass,Aterrizado
390,Ag,Flores,50000,TU6789B,EconomyClass,Aterrizado
514,Vincents,Flores,25000,MM0987B,EconomyClass,En Horario
638,Merissa,Flores,25000,HY4567D,EconomyClass,Demorado
762,Lucienne,Flores,25000,FR5678G,FirstClass,En Horario
886,Bailey,Flores,30000,FR5678G,EconomyClass,En Horario
14,Bronnie,Fuentes,20000,MM0987B,FirstClass,En Horario
138,Brynn,Fuentes,50000,BA2491A,ExecutiveClass,Aterrizado
262,Melisa,Fuentes,12000,TU6789B,ExecutiveClass,Aterrizado
386,Demeter,Fuentes,10000,TU6789B,EconomyClass,Aterrizado
510,Irena,Fuentes,20000,MM0987B,EconomyClass,En Horario
634,Viva,Fuentes,25000,HY4567D,EconomyClass,Demorado
758,Boycie,Fuentes,18000,FR5678G,FirstClass,En Horario
882,Rina,Fuentes,25000,FR5678G,EconomyClass,En Horario
54,Julina,Gallardo,33000,MM0987B,FirstClass,En Horario
178,Mellicent,Gallardo,50000,MM0987B,ExecutiveClass,En Horario
302,Ron,Gallardo,20000,TU6789B,EconomyClass,Aterrizado
426,Minnnie,Gallardo,20000,GU2345F,FirstClass,En Vuelo
550,Mathe,Gallardo,12000,GU2345F,EconomyClass,En Vuelo
674,Lamont,Gallardo,33000,HY4567D,EconomyClass,Demorado
798,Yelena,Gallardo,50000,FR5678G,ExecutiveClass,En Horario
922,Wenda,Gallardo,12000,BR3456J,ExecutiveClass,Demorado
42,Ame,García,50000,BA2491A,ExecutiveClass,Aterrizado
166,Darleen,García,42000,IB0800A,EconomyClass,Aterrizado
290,Gordon,García,25000,BA2491A,EconomyClass,Aterrizado
414,Morie,García,12000,TU6789B,EconomyClass,Aterrizado
538,Caren,García,12000,BA2491A,EconomyClass,Aterrizado
662,Byrom,García,42000,HY4567D,EconomyClass,Demorado
786,Edan,García,50000,FR5678G,ExecutiveClass,En Horario
910,Atlante,García,33000,MM0987B,EconomyClass,En Horario
56,Bernardine,Garrido,33000,MM0987B,FirstClass,En Horario
180,Nial,Garrido,15000,MM0987B,ExecutiveClass,En Horario
304,Coleman,Garrido,33000,TU6789B,EconomyClass,Aterrizado
428,Kelly,Garrido,37000,GU2345F,FirstClass,En Vuelo
552,Delmore,Garrido,33000,GU2345F,EconomyClass,En Vuelo
676,Nani,Garrido,50000,HY4567D,EconomyClass,Demorado
800,Daffi,Garrido,12000,FR5678G,ExecutiveClass,En Horario
924,Orlan,Garrido,25000,BR3456J,ExecutiveClass,Demorado
78,Morse,Godoy,25000,IB0800A,ExecutiveClass,Aterrizado
202,Yorke,Godoy,15000,BA2491A,EconomyClass,Aterrizado
326,Lina,Godoy,12000,TU6789B,EconomyClass,Aterrizado
450,Alexandr,Godoy,18000,GU2345F,ExecutiveClass,En Vuelo
574,Phillipe,Godoy,37000,GU2345F,EconomyClass,En Vuelo
698,Paddie,Godoy,33000,HY4567D,EconomyClass,Demorado
822,Jefferey,Godoy,10000,FR5678G,EconomyClass,En Horario
946,Kimberley,Godoy,18000,BR3456J,EconomyClass,Demorado
1,Lou,González,10000,BA2491A,FirstClass,Aterrizado
101,Marcille,González,10000,IB0800A,ExecutiveClass,Aterrizado
125,Esteban,González,15000,IB0800A,EconomyClass,Aterrizado
225,Adriano,González,33000,TU6789B,FirstClass,Aterrizado
249,Jessee,González,30000,TU6789B,ExecutiveClass,Aterrizado
349,Cassie,González,50000,TU6789B,EconomyClass,Aterrizado
373,Veronica,González,42000,TU6789B,EconomyClass,Aterrizado
473,Erek,González,10000,GU2345F,ExecutiveClass,En Vuelo
497,Fredia,González,30000,GU2345F,EconomyClass,En Vuelo
597,Isabelle,González,20000,HY4567D,FirstClass,Demorado
621,Odessa,González,50000,HY4567D,ExecutiveClass,Demorado
721,Riobard,González,42000,IB0800A,EconomyClass,Aterrizado
745,Gordon,González,12000,FR5678G,FirstClass,En Horario
845,Yardley,González,50000,FR5678G,EconomyClass,En Horario
869,Malory,González,42000,FR5678G,EconomyClass,En Horario
969,Charlie,González,50000,IB0800A,EconomyClass,Aterrizado
97,Marcellus,Guerrero,50000,IB0800A,ExecutiveClass,Aterrizado
221,Aylmer,Guerrero,33000,TU6789B,FirstClass,Aterrizado
345,Aldric,Guerrero,50000,TU6789B,EconomyClass,Aterrizado
469,Chrisy,Guerrero,15000,GU2345F,ExecutiveClass,En Vuelo
593,Vic,Guerrero,25000,HY4567D,FirstClass,Demorado
717,Hyacinthia,Guerrero,25000,IB0800A,EconomyClass,Aterrizado
841,Shelley,Guerrero,15000,FR5678G,EconomyClass,En Horario
965,Kirstin,Guerrero,12000,BR3456J,EconomyClass,Demorado
24,Reagen,Gutiérrez,42000,MM0987B,FirstClass,En Horario
119,Glenda,Gutiérrez,37000,MM0987B,ExecutiveClass,En Horario
148,Benton,Gutiérrez,12000,IB0800A,EconomyClass,Aterrizado
243,Brigham,Gutiérrez,25000,TU6789B,ExecutiveClass,Aterrizado
272,Duncan,Gutiérrez,37000,TU6789B,ExecutiveClass,Aterrizado
367,Maryellen,Gutiérrez,37000,TU6789B,EconomyClass,Aterrizado
396,Iorgos,Gutiérrez,18000,MM0987B,ExecutiveClass,En Horario
491,Skipton,Gutiérrez,10000,GU2345F,EconomyClass,En Vuelo
520,Coop,Gutiérrez,37000,GU2345F,EconomyClass,En Vuelo
615,Idalina,Gutiérrez,50000,HY4567D,ExecutiveClass,Demorado
644,Malachi,Gutiérrez,25000,HY4567D,EconomyClass,Demorado
739,Winnifred,Gutiérrez,10000,FR5678G,FirstClass,En Horario
768,Blakeley,Gutiérrez,18000,FR5678G,ExecutiveClass,En Horario
863,Cherish,Gutiérrez,42000,FR5678G,EconomyClass,En Horario
892,Devland,Gutiérrez,10000,FR5678G,EconomyClass,En Horario
987,Mohammed,Gutiérrez,42000,BA2491A,EconomyClass,Aterrizado
998,Jaye,Gutiérrez,25000,MM0987B,EconomyClass,En Horario
58,Lianna,Guzmán,12000,MM0987B,FirstClass,En Horario
182,Loutitia,Guzmán,25000,MM0987B,ExecutiveClass,En Horario
306,Silvan,Guzmán,12000,TU6789B,EconomyClass,Aterrizado
430,Pincus,Guzmán,42000,GU2345F,FirstClass,En Vuelo
554,Lucais,Guzmán,42000,GU2345F,EconomyClass,En Vuelo
678,Nilson,Guzmán,10000,HY4567D,EconomyClass,Demorado
802,Sheilah,Guzmán,42000,FR5678G,ExecutiveClass,En Horario
926,Abbie,Guzmán,18000,BR3456J,EconomyClass,Demorado
33,Earle,Gómez,10000,BA2491A,FirstClass,Aterrizado
108,Carlie,Gómez,10000,MM0987B,ExecutiveClass,En Horario
157,Maryjo,Gómez,12000,IB0800A,EconomyClass,Aterrizado
232,Alla,Gómez,30000,BA2491A,EconomyClass,Aterrizado
281,Rafaellle,Gómez,50000,TU6789B,ExecutiveClass,Aterrizado
356,Isabelle,Gómez,20000,TU6789B,EconomyClass,Aterrizado
405,Amerigo,Gómez,33000,TU6789B,EconomyClass,Aterrizado
480,Marissa,Gómez,37000,GU2345F,EconomyClass,En Vuelo
529,Daveta,Gómez,20000,GU2345F,EconomyClass,En Vuelo
604,Arvin,Gómez,50000,HY4567D,ExecutiveClass,Demorado
653,Harmonia,Gómez,12000,HY4567D,EconomyClass,Demorado
728,Klara,Gómez,50000,IB0800A,EconomyClass,Aterrizado
777,Ree,Gómez,42000,FR5678G,ExecutiveClass,En Horario
852,Giacopo,Gómez,18000,FR5678G,EconomyClass,En Horario
901,Shaughn,Gómez,50000,BR3456J,FirstClass,Demorado
976,Arlina,Gómez,33000,IB0800A,EconomyClass,Aterrizado
59,Celene,Henríquez,50000,MM0987B,FirstClass,En Horario
183,Ruthe,Henríquez,30000,MM0987B,ExecutiveClass,En Horario
307,Renie,Henríquez,33000,TU6789B,EconomyClass,Aterrizado
431,Smitty,Henríquez,15000,GU2345F,FirstClass,En Vuelo
555,Clarice,Henríquez,33000,GU2345F,EconomyClass,En Vuelo
679,Tomi,Henríquez,50000,HY4567D,EconomyClass,Demorado
803,Lazaro,Henríquez,10000,FR5678G,ExecutiveClass,En Horario
927,Robinia,Henríquez,10000,BR3456J,EconomyClass,Demorado
15,Megen,Hernández,10000,BA2491A,FirstClass,Aterrizado
112,Tersina,Hernández,30000,IB0800A,ExecutiveClass,Aterrizado
139,Yankee,Hernández,42000,BA2491A,ExecutiveClass,Aterrizado
236,Anastasia,Hernández,18000,BA2491A,EconomyClass,Aterrizado
263,Orelee,Hernández,20000,TU6789B,ExecutiveClass,Aterrizado
360,Honor,Hernández,30000,TU6789B,EconomyClass,Aterrizado
387,Juliann,Hernández,50000,TU6789B,EconomyClass,Aterrizado
484,Kym,Hernández,20000,GU2345F,EconomyClass,En Vuelo
511,Markos,Hernández,20000,MM0987B,EconomyClass,En Horario
608,Joshia,Hernández,25000,HY4567D,ExecutiveClass,Demorado
635,Sherwin,Hernández,10000,HY4567D,EconomyClass,Demorado
732,Enrica,Hernández,18000,IB0800A,EconomyClass,Aterrizado
759,Nanete,Hernández,37000,FR5678G,FirstClass,En Horario
856,Henrieta,Hernández,30000,FR5678G,EconomyClass,En Horario
883,Callida,Hernández,33000,FR5678G,EconomyClass,En Horario
980,Brana,Hernández,10000,BA2491A,EconomyClass,Aterrizado
35,Jehanna,Herrera,50000,BA2491A,FirstClass,Aterrizado
159,Kipp,Herrera,15000,IB0800A,EconomyClass,Aterrizado
283,Osbert,Herrera,15000,TU6789B,ExecutiveClass,Aterrizado
407,Mikael,Herrera,50000,TU6789B,EconomyClass,Aterrizado
531,Maxi,Herrera,37000,GU2345F,EconomyClass,En Vuelo
655,Maddy,Herrera,25000,HY4567D,EconomyClass,Demorado
779,Melva,Herrera,42000,FR5678G,ExecutiveClass,En Horario
903,Judas,Herrera,10000,BR3456J,FirstClass,Demorado
37,Stefa,Jara,42000,BA2491A,FirstClass,Aterrizado
161,Ferdie,Jara,15000,IB0800A,EconomyClass,Aterrizado
285,Bartel,Jara,37000,TU6789B,ExecutiveClass,Aterrizado
409,Sileas,Jara,20000,TU6789B,EconomyClass,Aterrizado
533,Dennison,Jara,25000,GU2345F,EconomyClass,En Vuelo
657,Boothe,Jara,12000,HY4567D,EconomyClass,Demorado
781,Felike,Jara,33000,FR5678G,ExecutiveClass,En Horario
905,Freda,Jara,42000,BR3456J,FirstClass,Demorado
110,Dominick,Jiménez,30000,IB0800A,ExecutiveClass,Aterrizado
234,Pietro,Jiménez,18000,BA2491A,EconomyClass,Aterrizado
358,Ula,Jiménez,50000,TU6789B,EconomyClass,Aterrizado
482,Tori,Jiménez,42000,GU2345F,EconomyClass,En Vuelo
606,Dedie,Jiménez,33000,HY4567D,ExecutiveClass,Demorado
730,Emmet,Jiménez,37000,IB0800A,EconomyClass,Aterrizado
854,Levon,Jiménez,25000,FR5678G,EconomyClass,En Horario
978,Warner,Jiménez,30000,IB0800A,EconomyClass,Aterrizado
79,Roland,Lagos,25000,IB0800A,ExecutiveClass,Aterrizado
203,Cissiee,Lagos,18000,BA2491A,EconomyClass,Aterrizado
327,Nerty,Lagos,20000,TU6789B,EconomyClass,Aterrizado
451,Margalit,Lagos,15000,GU2345F,ExecutiveClass,En Vuelo
575,Florida,Lagos,37000,HY4567D,FirstClass,Demorado
699,Evelyn,Lagos,10000,HY4567D,EconomyClass,Demorado
823,Tania,Lagos,42000,FR5678G,EconomyClass,En Horario
947,Martyn,Lagos,25000,BR3456J,EconomyClass,Demorado
70,Sayre,Leiva,33000,IB0800A,FirstClass,Aterrizado
194,Philipa,Leiva,42000,TU6789B,FirstClass,Aterrizado
318,Urban,Leiva,10000,BA2491A,EconomyClass,Aterrizado
442,Tam,Leiva,20000,GU2345F,ExecutiveClass,En Vuelo
566,Lemmie,Leiva,18000,GU2345F,EconomyClass,En Vuelo
690,Krystyna,Leiva,50000,HY4567D,EconomyClass,Demorado
814,Obadiah,Leiva,12000,FR5678G,EconomyClass,En Horario
938,Arabel,Leiva,50000,IB0800A,EconomyClass,Aterrizado
13,Shel,López,50000,MM0987B,FirstClass,En Horario
104,Geneva,López,33000,MM0987B,ExecutiveClass,En Horario
137,Johnette,López,10000,BA2491A,ExecutiveClass,Aterrizado
228,Jeniece,López,15000,TU6789B,FirstClass,Aterrizado
261,Josiah,López,10000,TU6789B,ExecutiveClass,Aterrizado
352,Marieann,López,50000,TU6789B,EconomyClass,Aterrizado
385,Gayel,López,20000,TU6789B,EconomyClass,Aterrizado
476,Abigael,López,12000,GU2345F,ExecutiveClass,En Vuelo
509,Cornie,López,42000,MM0987B,EconomyClass,En Horario
600,Cornall,López,18000,HY4567D,FirstClass,Demorado
633,Shandra,López,50000,HY4567D,EconomyClass,Demorado
724,Zia,López,42000,IB0800A,EconomyClass,Aterrizado
757,Kerianne,López,37000,FR5678G,FirstClass,En Horario
848,Rasia,López,37000,FR5678G,EconomyClass,En Horario
881,Kenna,López,25000,FR5678G,EconomyClass,En Horario
972,Sloan,López,42000,IB0800A,EconomyClass,Aterrizado
80,Jesselyn,Maldonado,30000,IB0800A,ExecutiveClass,Aterrizado
204,Jillana,Maldonado,18000,BA2491A,EconomyClass,Aterrizado
328,Matias,Maldonado,33000,TU6789B,EconomyClass,Aterrizado
452,Samara,Maldonado,50000,GU2345F,ExecutiveClass,En Vuelo
576,Corrina,Maldonado,15000,HY4567D,FirstClass,Demorado
700,Abbot,Maldonado,33000,HY4567D,EconomyClass,Demorado
824,Mercie,Maldonado,42000,FR5678G,EconomyClass,En Horario
948,Agustin,Maldonado,25000,BR3456J,EconomyClass,Demorado
109,Trixie,Martín,42000,IB0800A,ExecutiveClass,Aterrizado
233,Peter,Martín,12000,BA2491A,EconomyClass,Aterrizado
357,Nisse,Martín,37000,TU6789B,EconomyClass,Aterrizado
481,Lionello,Martín,37000,GU2345F,EconomyClass,En Vuelo
605,Minda,Martín,15000,HY4567D,ExecutiveClass,Demorado
729,Osbert,Martín,33000,IB0800A,EconomyClass,Aterrizado
853,Eve,Martín,12000,FR5678G,EconomyClass,En Horario
977,Wenonah,Martín,12000,IB0800A,EconomyClass,Aterrizado
9,Jeanine,Martínez,18000,MM0987B,FirstClass,En Horario
105,Kilian,Martínez,42000,MM0987B,ExecutiveClass,En Horario
133,Cordy,Martínez,18000,BA2491A,ExecutiveClass,Aterrizado
229,Tabina,Martínez,10000,TU6789B,FirstClass,Aterrizado
257,Jori,Martínez,12000,BA2491A,EconomyClass,Aterrizado
353,Carita,Martínez,42000,TU6789B,EconomyClass,Aterrizado
381,Silas,Martínez,15000,BA2491A,EconomyClass,Aterrizado
477,Mariele,Martínez,33000,GU2345F,EconomyClass,En Vuelo
505,Martguerita,Martínez,50000,GU2345F,EconomyClass,En Vuelo
601,Emmalee,Martínez,18000,HY4567D,FirstClass,Demorado
629,Mace,Martínez,18000,HY4567D,ExecutiveClass,Demorado
725,Cristina,Martínez,15000,IB0800A,EconomyClass,Aterrizado
753,Andrej,Martínez,50000,FR5678G,FirstClass,En Horario
849,Gibb,Martínez,20000,FR5678G,EconomyClass,En Horario
877,Mac,Martínez,25000,FR5678G,EconomyClass,En Horario
973,Guglielma,Martínez,15000,IB0800A,EconomyClass,Aterrizado
82,Kendre,Medina,25000,IB0800A,ExecutiveClass,Aterrizado
206,Borden,Medina,12000,TU6789B,FirstClass,Aterrizado
330,Rosemarie,Medina,33000,TU6789B,EconomyClass,Aterrizado
454,Korella,Medina,33000,GU2345F,ExecutiveClass,En Vuelo
578,Scarlett,Medina,20000,HY4567D,FirstClass,Demorado
702,Rikki,Medina,12000,HY4567D,EconomyClass,Demorado
826,Yetta,Medina,25000,FR5678G,EconomyClass,En Horario
950,Lonna,Medina,10000,BR3456J,EconomyClass,Demorado
98,Jacquelin,Mendoza,30000,IB0800A,ExecutiveClass,Aterrizado
222,Marina,Mendoza,12000,TU6789B,FirstClass,Aterrizado
346,Janeta,Mendoza,10000,TU6789B,EconomyClass,Aterrizado
470,Rod,Mendoza,50000,GU2345F,ExecutiveClass,En Vuelo
594,Cyndia,Mendoza,33000,HY4567D,FirstClass,Demorado
718,Fina,Mendoza,42000,IB0800A,EconomyClass,Aterrizado
842,Irv,Mendoza,15000,FR5678G,EconomyClass,En Horario
966,Karon,Mendoza,10000,BR3456J,EconomyClass,Demorado
43,Bradney,Miranda,25000,BA2491A,ExecutiveClass,Aterrizado
167,Didi,Miranda,15000,IB0800A,EconomyClass,Aterrizado
291,Chalmers,Miranda,10000,BA2491A,EconomyClass,Aterrizado
415,Skylar,Miranda,20000,TU6789B,EconomyClass,Aterrizado
539,Christie,Miranda,18000,BA2491A,EconomyClass,Aterrizado
663,Millie,Miranda,15000,HY4567D,EconomyClass,Demorado
787,Fayre,Miranda,18000,FR5678G,ExecutiveClass,En Horario
911,Maurie,Miranda,50000,MM0987B,EconomyClass,En Horario
46,Lonnard,Molina,50000,IB0800A,FirstClass,Aterrizado
170,Devi,Molina,25000,IB0800A,EconomyClass,Aterrizado
294,Cleo,Molina,50000,BA2491A,EconomyClass,Aterrizado
418,Addia,Molina,20000,TU6789B,EconomyClass,Aterrizado
542,Gene,Molina,15000,GU2345F,EconomyClass,En Vuelo
666,Caritta,Molina,12000,HY4567D,EconomyClass,Demorado
790,Noll,Molina,30000,FR5678G,ExecutiveClass,En Horario
914,Curry,Molina,20000,MM0987B,EconomyClass,En Horario
11,Brandea,Morales,15000,IB0800A,FirstClass,Aterrizado
135,Dunstan,Morales,20000,BA2491A,ExecutiveClass,Aterrizado
259,Merrile,Morales,50000,BA2491A,EconomyClass,Aterrizado
383,George,Morales,15000,TU6789B,EconomyClass,Aterrizado
507,Patrice,Morales,37000,GU2345F,EconomyClass,En Vuelo
631,Ivonne,Morales,20000,HY4567D,ExecutiveClass,Demorado
755,Dorian,Morales,15000,FR5678G,FirstClass,En Horario
879,Barbey,Morales,12000,FR5678G,EconomyClass,En Horario
85,Trenton,Moreno,12000,IB0800A,ExecutiveClass,Aterrizado
114,Freddie,Moreno,12000,IB0800A,ExecutiveClass,Aterrizado
209,Asia,Moreno,37000,TU6789B,FirstClass,Aterrizado
238,Leeanne,Moreno,15000,TU6789B,FirstClass,Aterrizado
333,Cornie,Moreno,15000,TU6789B,EconomyClass,Aterrizado
362,Buddy,Moreno,50000,TU6789B,EconomyClass,Aterrizado
457,Arnaldo,Moreno,10000,GU2345F,ExecutiveClass,En Vuelo
486,Bartholomew,Moreno,33000,GU2345F,EconomyClass,En Vuelo
581,Tiphani,Moreno,33000,HY4567D,FirstClass,Demorado
610,Sayre,Moreno,33000,HY4567D,ExecutiveClass,Demorado
705,Ariella,Moreno,12000,HY4567D,EconomyClass,Demorado
734,Silas,Moreno,20000,IB0800A,EconomyClass,Aterrizado
829,Conan,Moreno,20000,FR5678G,EconomyClass,En Horario
858,Ophelie,Moreno,37000,FR5678G,EconomyClass,En Horario
953,Lacey,Moreno,50000,MM0987B,EconomyClass,En Horario
982,Sharai,Moreno,10000,BA2491A,EconomyClass,Aterrizado
993,Angelia,Moreno,50000,MM0987B,EconomyClass,En Horario
2,Ulrike,Muñoz,25000,IB0800A,FirstClass,Aterrizado
116,Tracey,Muñoz,20000,IB0800A,ExecutiveClass,Aterrizado
126,Fonzie,Muñoz,15000,IB0800A,EconomyClass,Aterrizado
240,Billie,Muñoz,37000,TU6789B,FirstClass,Aterrizado
250,Tiphani,Muñoz,42000,TU6789B,ExecutiveClass,Aterrizado
364,Junie,Muñoz,20000,TU6789B,EconomyClass,Aterrizado
374,Dalis,Muñoz,42000,TU6789B,EconomyClass,Aterrizado
488,Hedvige,Muñoz,37000,GU2345F,EconomyClass,En Vuelo
498,Gretchen,Muñoz,12000,GU2345F,EconomyClass,En Vuelo
612,Fidole,Muñoz,30000,HY4567D,ExecutiveClass,Demorado
622,Hestia,Muñoz,18000,HY4567D,ExecutiveClass,Demorado
736,Arvie,Muñoz,15000,IB0800A,EconomyClass,Aterrizado
746,Rosemarie,Muñoz,10000,FR5678G,FirstClass,En Horario
860,Fair,Muñoz,37000,FR5678G,EconomyClass,En Horario
870,Pearla,Muñoz,33000,FR5678G,EconomyClass,En Horario
984,Pebrook,Muñoz,33000,BA2491A,EconomyClass,Aterrizado
995,Maxi,Muñoz,18000,MM0987B,EconomyClass,En Horario
88,George,Navarrete,30000,MM0987B,ExecutiveClass,En Horario
212,Thomasina,Navarrete,42000,TU6789B,FirstClass,Aterrizado
336,Dominique,Navarrete,37000,TU6789B,EconomyClass,Aterrizado
460,Mac,Navarrete,20000,GU2345F,ExecutiveClass,En Vuelo
584,Basil,Navarrete,12000,HY4567D,FirstClass,Demorado
708,Merle,Navarrete,10000,HY4567D,EconomyClass,Demorado
832,Olivier,Navarrete,20000,FR5678G,EconomyClass,En Horario
956,Sioux,Navarrete,12000,MM0987B,EconomyClass,En Horario
61,Deeyn,Navarro,20000,MM0987B,FirstClass,En Horario
120,Lorettalorna,Navarro,25000,MM0987B,ExecutiveClass,En Horario
185,Marcellus,Navarro,30000,MM0987B,ExecutiveClass,En Horario
244,Cal,Navarro,42000,TU6789B,ExecutiveClass,Aterrizado
309,Ernestus,Navarro,12000,TU6789B,EconomyClass,Aterrizado
368,Clywd,Navarro,33000,TU6789B,EconomyClass,Aterrizado
433,Emmit,Navarro,12000,GU2345F,FirstClass,En Vuelo
492,Minny,Navarro,33000,GU2345F,EconomyClass,En Vuelo
557,Babbie,Navarro,15000,GU2345F,EconomyClass,En Vuelo
616,Hetti,Navarro,30000,HY4567D,ExecutiveClass,Demorado
681,Burgess,Navarro,12000,HY4567D,EconomyClass,Demorado
740,Chen,Navarro,37000,FR5678G,FirstClass,En Horario
805,Fred,Navarro,25000,FR5678G,EconomyClass,En Horario
864,Alonzo,Navarro,12000,FR5678G,EconomyClass,En Horario
929,Melody,Navarro,20000,BR3456J,EconomyClass,Demorado
988,Dawn,Navarro,37000,BA2491A,EconomyClass,Aterrizado
999,Tamarra,Navarro,15000,MM0987B,EconomyClass,En Horario
36,Cristie,Núñez,10000,BA2491A,FirstClass,Aterrizado
160,Leonie,Núñez,50000,IB0800A,EconomyClass,Aterrizado
284,Sidonia,Núñez,10000,TU6789B,ExecutiveClass,Aterrizado
408,Benson,Núñez,20000,TU6789B,EconomyClass,Aterrizado
532,Nathalie,Núñez,37000,GU2345F,EconomyClass,En Vuelo
656,Filmer,Núñez,50000,HY4567D,EconomyClass,Demorado
780,Tootsie,Núñez,25000,FR5678G,ExecutiveClass,En Horario
904,Josiah,Núñez,12000,BR3456J,FirstClass,Demorado
52,Carline,Olivares,12000,IB0800A,FirstClass,Aterrizado
176,Wanids,Olivares,30000,MM0987B,ExecutiveClass,En Horario
300,Zabrina,Olivares,12000,TU6789B,EconomyClass,Aterrizado
424,Chuck,Olivares,33000,GU2345F,FirstClass,En Vuelo
548,Mab,Olivares,25000,GU2345F,EconomyClass,En Vuelo
672,Sheila-kathryn,Olivares,10000,HY4567D,EconomyClass,Demorado
796,Hersh,Olivares,33000,FR5678G,ExecutiveClass,En Horario
920,Gretna,Olivares,42000,BR3456J,ExecutiveClass,Demorado
50,Carroll,Orellana,42000,IB0800A,FirstClass,Aterrizado
174,Prentiss,Orellana,30000,IB0800A,EconomyClass,Aterrizado
298,Sayre,Orellana,18000,TU6789B,EconomyClass,Aterrizado
422,Jennifer,Orellana,15000,GU2345F,FirstClass,En Vuelo
546,Henrie,Orellana,50000,GU2345F,EconomyClass,En Vuelo
670,Arlette,Orellana,30000,HY4567D,EconomyClass,Demorado
794,Harv,Orellana,42000,FR5678G,ExecutiveClass,En Horario
918,Alysia,Orellana,37000,MM0987B,EconomyClass,En Horario
95,Kyrstin,Ortega,37000,IB0800A,ExecutiveClass,Aterrizado
219,Kaile,Ortega,33000,TU6789B,FirstClass,Aterrizado
343,Johannes,Ortega,18000,TU6789B,EconomyClass,Aterrizado
467,Svend,Ortega,25000,GU2345F,ExecutiveClass,En Vuelo
591,Emlyn,Ortega,50000,HY4567D,FirstClass,Demorado
715,Lucky,Ortega,42000,IB0800A,EconomyClass,Aterrizado
839,Oralia,Ortega,10000,FR5678G,EconomyClass,En Horario
963,Arley,Ortega,33000,BR3456J,EconomyClass,Demorado
55,Corina,Ortiz,37000,MM0987B,FirstClass,En Horario
179,Lynea,Ortiz,20000,MM0987B,ExecutiveClass,En Horario
303,Charin,Ortiz,12000,TU6789B,EconomyClass,Aterrizado
427,Carine,Ortiz,33000,GU2345F,FirstClass,En Vuelo
551,Gauthier,Ortiz,12000,GU2345F,EconomyClass,En Vuelo
675,Immanuel,Ortiz,33000,HY4567D,EconomyClass,Demorado
799,Emmaline,Ortiz,37000,FR5678G,ExecutiveClass,En Horario
923,Ezekiel,Ortiz,20000,BR3456J,ExecutiveClass,Demorado
84,Tatiania,Palma,20000,IB0800A,ExecutiveClass,Aterrizado
208,Weider,Palma,50000,TU6789B,FirstClass,Aterrizado
332,Eden,Palma,18000,TU6789B,EconomyClass,Aterrizado
456,Leeanne,Palma,10000,GU2345F,ExecutiveClass,En Vuelo
580,Delaney,Palma,50000,HY4567D,FirstClass,Demorado
704,Pauly,Palma,30000,HY4567D,EconomyClass,Demorado
828,Norbert,Palma,20000,FR5678G,EconomyClass,En Horario
952,Edwina,Palma,42000,MM0987B,EconomyClass,En Horario
63,Loy,Parra,15000,MM0987B,FirstClass,En Horario
187,Sebastien,Parra,37000,MM0987B,ExecutiveClass,En Horario
311,Tabor,Parra,37000,TU6789B,EconomyClass,Aterrizado
435,Wesley,Parra,10000,GU2345F,FirstClass,En Vuelo
559,Jessamine,Parra,18000,GU2345F,EconomyClass,En Vuelo
683,Jaquenette,Parra,25000,HY4567D,EconomyClass,Demorado
807,Wini,Parra,37000,FR5678G,EconomyClass,En Horario
931,Callie,Parra,10000,BR3456J,EconomyClass,Demorado
77,Sacha,Peña,25000,IB0800A,ExecutiveClass,Aterrizado
201,Odey,Peña,20000,BA2491A,EconomyClass,Aterrizado
325,Maynord,Peña,42000,BA2491A,EconomyClass,Aterrizado
449,Julietta,Peña,42000,GU2345F,ExecutiveClass,En Vuelo
573,Sutherlan,Peña,10000,GU2345F,EconomyClass,En Vuelo
697,Robbie,Peña,30000,HY4567D,EconomyClass,Demorado
821,Trevor,Peña,10000,FR5678G,EconomyClass,En Horario
945,Cherice,Peña,15000,BR3456J,EconomyClass,Demorado
83,Lesya,Pino,15000,IB0800A,ExecutiveClass,Aterrizado
207,Maddie,Pino,33000,TU6789B,FirstClass,Aterrizado
331,Booth,Pino,15000,TU6789B,EconomyClass,Aterrizado
455,Hilly,Pino,30000,GU2345F,ExecutiveClass,En Vuelo
579,Shel,Pino,25000,HY4567D,FirstClass,Demorado
703,Alverta,Pino,25000,HY4567D,EconomyClass,Demorado
827,Angeli,Pino,20000,FR5678G,EconomyClass,En Horario
951,Wake,Pino,25000,BR3456J,EconomyClass,Demorado
26,Karim,Pizarro,25000,MM0987B,FirstClass,En Horario
150,Dot,Pizarro,18000,IB0800A,EconomyClass,Aterrizado
274,Dyann,Pizarro,50000,TU6789B,ExecutiveClass,Aterrizado
398,Easter,Pizarro,30000,MM0987B,ExecutiveClass,En Horario
522,Charles,Pizarro,42000,GU2345F,EconomyClass,En Vuelo
646,Arlie,Pizarro,42000,HY4567D,EconomyClass,Demorado
770,Barbey,Pizarro,20000,FR5678G,ExecutiveClass,En Horario
894,Gabbie,Pizarro,42000,FR5678G,EconomyClass,En Horario
92,Lonni,Poblete,50000,MM0987B,ExecutiveClass,En Horario
216,Nikoletta,Poblete,12000,TU6789B,FirstClass,Aterrizado
340,Melloney,Poblete,33000,TU6789B,EconomyClass,Aterrizado
464,Liana,Poblete,15000,GU2345F,ExecutiveClass,En Vuelo
588,Lynnette,Poblete,37000,HY4567D,FirstClass,Demorado
712,Matelda,Poblete,18000,HY4567D,EconomyClass,Demorado
836,Keene,Poblete,25000,FR5678G,EconomyClass,En Horario
960,Zitella,Poblete,42000,BR3456J,EconomyClass,Demorado
5,Sheelagh,Pérez,18000,IB0800A,FirstClass,Aterrizado
107,Gaven,Pérez,10000,MM0987B,ExecutiveClass,En Horario
129,Vina,Pérez,42000,BA2491A,ExecutiveClass,Aterrizado
231,Marmaduke,Pérez,10000,BA2491A,EconomyClass,Aterrizado
253,Norene,Pérez,25000,BA2491A,EconomyClass,Aterrizado
355,Wilfred,Pérez,20000,TU6789B,EconomyClass,Aterrizado
377,Hussein,Pérez,25000,BA2491A,EconomyClass,Aterrizado
479,Benita,Pérez,25000,GU2345F,EconomyClass,En Vuelo
501,Gabi,Pérez,30000,GU2345F,EconomyClass,En Vuelo
603,Cahra,Pérez,50000,HY4567D,ExecutiveClass,Demorado
625,Tonya,Pérez,37000,HY4567D,ExecutiveClass,Demorado
727,Rickie,Pérez,42000,IB0800A,EconomyClass,Aterrizado
749,Carola,Pérez,10000,FR5678G,FirstClass,En Horario
851,Sidoney,Pérez,20000,FR5678G,EconomyClass,En Horario
873,Thomasa,Pérez,18000,FR5678G,EconomyClass,En Horario
975,Aleksandr,Pérez,42000,IB0800A,EconomyClass,Aterrizado
124,Pen,Ramos,18000,IB0800A,EconomyClass,Aterrizado
248,Maynard,Ramos,18000,TU6789B,ExecutiveClass,Aterrizado
372,Andy,Ramos,37000,TU6789B,EconomyClass,Aterrizado
496,Conrado,Ramos,50000,GU2345F,EconomyClass,En Vuelo
620,Lissy,Ramos,37000,HY4567D,ExecutiveClass,Demorado
744,Melonie,Ramos,33000,FR5678G,FirstClass,En Horario
868,Trumaine,Ramos,42000,FR5678G,EconomyClass,En Horario
992,Trenna,Ramos,10000,MM0987B,EconomyClass,En Horario
31,Franny,Ramírez,15000,IB0800A,FirstClass,Aterrizado
155,Osbert,Ramírez,42000,IB0800A,EconomyClass,Aterrizado
279,Alberik,Ramírez,50000,TU6789B,ExecutiveClass,Aterrizado
403,Bar,Ramírez,20000,TU6789B,EconomyClass,Aterrizado
527,Eveline,Ramírez,37000,GU2345F,EconomyClass,En Vuelo
651,Thorndike,Ramírez,10000,HY4567D,EconomyClass,Demorado
775,Wilie,Ramírez,30000,FR5678G,ExecutiveClass,En Horario
899,Martelle,Ramírez,15000,BR3456J,FirstClass,Demorado
23,Johnny,Reyes,33000,MM0987B,FirstClass,En Horario
147,Gustie,Reyes,42000,IB0800A,EconomyClass,Aterrizado
271,Larina,Reyes,18000,TU6789B,ExecutiveClass,Aterrizado
395,Livy,Reyes,20000,MM0987B,ExecutiveClass,En Horario
519,Ethe,Reyes,20000,GU2345F,EconomyClass,En Vuelo
643,Neron,Reyes,42000,HY4567D,EconomyClass,Demorado
767,Brynne,Reyes,18000,FR5678G,ExecutiveClass,En Horario
891,Conant,Reyes,37000,FR5678G,EconomyClass,En Horario
41,Brnaba,Riquelme,30000,MM0987B,FirstClass,En Horario
165,Sib,Riquelme,33000,IB0800A,EconomyClass,Aterrizado
289,Dulcea,Riquelme,25000,BA2491A,EconomyClass,Aterrizado
413,Clair,Riquelme,42000,TU6789B,EconomyClass,Aterrizado
537,Ced,Riquelme,20000,BA2491A,EconomyClass,Aterrizado
661,Shermie,Riquelme,12000,HY4567D,EconomyClass,Demorado
785,Francine,Riquelme,42000,FR5678G,ExecutiveClass,En Horario
909,Leo,Riquelme,42000,MM0987B,EconomyClass,En Horario
39,Alfredo,Rivera,10000,MM0987B,FirstClass,En Horario
163,Pascale,Rivera,15000,IB0800A,EconomyClass,Aterrizado
287,Ofelia,Rivera,30000,BA2491A,EconomyClass,Aterrizado
411,Frayda,Rivera,30000,TU6789B,EconomyClass,Aterrizado
535,Frans,Rivera,33000,BA2491A,EconomyClass,Aterrizado
659,Willdon,Rivera,10000,HY4567D,EconomyClass,Demorado
783,Crosby,Rivera,12000,FR5678G,ExecutiveClass,En Horario
907,Tabb,Rivera,50000,BR3456J,ExecutiveClass,Demorado
12,Cordelie,Rodríguez,50000,IB0800A,FirstClass,Aterrizado
103,Desiri,Rodríguez,25000,MM0987B,ExecutiveClass,En Horario
136,Gideon,Rodríguez,15000,BA2491A,ExecutiveClass,Aterrizado
227,Adel,Rodríguez,30000,TU6789B,FirstClass,Aterrizado
260,Tadd,Rodríguez,50000,TU6789B,ExecutiveClass,Aterrizado
351,Heddi,Rodríguez,20000,TU6789B,EconomyClass,Aterrizado
384,Nonnah,Rodríguez,25000,TU6789B,EconomyClass,Aterrizado
475,Coletta,Rodríguez,50000,GU2345F,ExecutiveClass,En Vuelo
508,Lin,Rodríguez,12000,MM0987B,EconomyClass,En Horario
599,Howard,Rodríguez,18000,HY4567D,FirstClass,Demorado
632,Josepha,Rodríguez,20000,HY4567D,EconomyClass,Demorado
723,Darlene,Rodríguez,42000,IB0800A,EconomyClass,Aterrizado
756,Kaitlynn,Rodríguez,15000,FR5678G,FirstClass,En Horario
847,Estella,Rodríguez,42000,FR5678G,EconomyClass,En Horario
880,Josi,Rodríguez,18000,FR5678G,EconomyClass,En Horario
971,Mercedes,Rodríguez,12000,IB0800A,EconomyClass,Aterrizado
3,Brade,Rojas,20000,MM0987B,FirstClass,En Horario
127,Cindelyn,Rojas,12000,IB0800A,EconomyClass,Aterrizado
251,Jenna,Rojas,30000,TU6789B,ExecutiveClass,Aterrizado
375,Nanni,Rojas,25000,BA2491A,EconomyClass,Aterrizado
499,Bibbie,Rojas,37000,GU2345F,EconomyClass,En Vuelo
623,Dorotea,Rojas,10000,HY4567D,ExecutiveClass,Demorado
747,Graehme,Rojas,18000,FR5678G,FirstClass,En Horario
871,Phelia,Rojas,33000,FR5678G,EconomyClass,En Horario
64,Gabbey,Romero,37000,MM0987B,FirstClass,En Horario
117,Cherrita,Romero,33000,MM0987B,ExecutiveClass,En Horario
188,Scarface,Romero,50000,MM0987B,ExecutiveClass,En Horario
241,Alexandra,Romero,42000,TU6789B,FirstClass,Aterrizado
312,Lenci,Romero,42000,TU6789B,EconomyClass,Aterrizado
365,Neely,Romero,20000,TU6789B,EconomyClass,Aterrizado
436,Felicdad,Romero,18000,GU2345F,FirstClass,En Vuelo
489,Dorothea,Romero,15000,GU2345F,EconomyClass,En Vuelo
560,Hesther,Romero,15000,GU2345F,EconomyClass,En Vuelo
613,Evin,Romero,12000,HY4567D,ExecutiveClass,Demorado
684,Sly,Romero,42000,HY4567D,EconomyClass,Demorado
737,Keith,Romero,20000,FR5678G,FirstClass,En Horario
808,Emanuel,Romero,30000,FR5678G,EconomyClass,En Horario
861,Pietrek,Romero,25000,FR5678G,EconomyClass,En Horario
932,Debby,Romero,18000,IB0800A,EconomyClass,Aterrizado
985,Erna,Romero,33000,BA2491A,EconomyClass,Aterrizado
996,Atalanta,Romero,37000,MM0987B,EconomyClass,En Horario
72,Katrine,Ruiz,25000,IB0800A,FirstClass,Aterrizado
111,Petey,Ruiz,15000,IB0800A,ExecutiveClass,Aterrizado
196,Otho,Ruiz,20000,BA2491A,ExecutiveClass,Aterrizado
235,Hiram,Ruiz,20000,BA2491A,EconomyClass,Aterrizado
320,Donaugh,Ruiz,12000,BA2491A,EconomyClass,Aterrizado
359,Tully,Ruiz,18000,TU6789B,EconomyClass,Aterrizado
444,Chrissy,Ruiz,18000,GU2345F,ExecutiveClass,En Vuelo
483,Micheil,Ruiz,37000,GU2345F,EconomyClass,En Vuelo
568,Modesta,Ruiz,33000,GU2345F,EconomyClass,En Vuelo
607,Lydia,Ruiz,15000,HY4567D,ExecutiveClass,Demorado
692,Zorina,Ruiz,18000,HY4567D,EconomyClass,Demorado
731,Cassandry,Ruiz,33000,IB0800A,EconomyClass,Aterrizado
816,Michele,Ruiz,42000,FR5678G,EconomyClass,En Horario
855,Vassili,Ruiz,33000,FR5678G,EconomyClass,En Horario
940,Josefina,Ruiz,30000,IB0800A,EconomyClass,Aterrizado
979,Libbey,Ruiz,42000,BA2491A,EconomyClass,Aterrizado
60,Kori,Saavedra,50000,MM0987B,FirstClass,En Horario
184,Eric,Saavedra,50000,MM0987B,ExecutiveClass,En Horario
308,Davide,Saavedra,42000,TU6789B,EconomyClass,Aterrizado
432,Wade,Saavedra,12000,GU2345F,FirstClass,En Vuelo
556,Aeriela,Saavedra,37000,GU2345F,EconomyClass,En Vuelo
680,Flore,Saavedra,30000,HY4567D,EconomyClass,Demorado
804,Earle,Saavedra,30000,FR5678G,ExecutiveClass,En Horario
928,Hayden,Saavedra,30000,BR3456J,EconomyClass,Demorado
57,Homer,Salazar,18000,MM0987B,FirstClass,En Horario
181,Guillaume,Salazar,37000,MM0987B,ExecutiveClass,En Horario
305,Jacinda,Salazar,50000,TU6789B,EconomyClass,Aterrizado
429,Coleman,Salazar,25000,GU2345F,FirstClass,En Vuelo
553,Lynett,Salazar,37000,GU2345F,EconomyClass,En Vuelo
677,Galen,Salazar,50000,HY4567D,EconomyClass,Demorado
801,Janine,Salazar,50000,FR5678G,ExecutiveClass,En Horario
925,Wittie,Salazar,37000,BR3456J,ExecutiveClass,Demorado
75,Solomon,Salinas,10000,IB0800A,ExecutiveClass,Aterrizado
199,Eliot,Salinas,12000,BA2491A,EconomyClass,Aterrizado
323,Hilary,Salinas,37000,BA2491A,EconomyClass,Aterrizado
447,Guy,Salinas,42000,GU2345F,ExecutiveClass,En Vuelo
571,Carma,Salinas,33000,GU2345F,EconomyClass,En Vuelo
695,Justino,Salinas,18000,HY4567D,EconomyClass,Demorado
819,Roch,Salinas,33000,FR5678G,EconomyClass,En Horario
943,Loria,Salinas,25000,IB0800A,EconomyClass,Aterrizado
100,Georgeta,San Martín,10000,IB0800A,ExecutiveClass,Aterrizado
224,Zonda,San Martín,33000,TU6789B,FirstClass,Aterrizado
348,Jefferey,San Martín,33000,TU6789B,EconomyClass,Aterrizado
472,Saidee,San Martín,50000,GU2345F,ExecutiveClass,En Vuelo
596,Dylan,San Martín,30000,HY4567D,FirstClass,Demorado
720,Jennie,San Martín,42000,IB0800A,EconomyClass,Aterrizado
844,Bella,San Martín,18000,FR5678G,EconomyClass,En Horario
968,Berenice,San Martín,10000,IB0800A,EconomyClass,Aterrizado
49,Dagmar,Sandoval,25000,IB0800A,FirstClass,Aterrizado
173,Brandon,Sandoval,18000,IB0800A,EconomyClass,Aterrizado
297,Ddene,Sandoval,12000,TU6789B,ExecutiveClass,Aterrizado
421,Neila,Sandoval,15000,TU6789B,EconomyClass,Aterrizado
545,Domini,Sandoval,18000,GU2345F,EconomyClass,En Vuelo
669,Beverlee,Sandoval,25000,HY4567D,EconomyClass,Demorado
793,Grayce,Sandoval,33000,FR5678G,ExecutiveClass,En Horario
917,Luis,Sandoval,12000,MM0987B,EconomyClass,En Horario
86,Angie,Sanhueza,20000,MM0987B,FirstClass,En Horario
210,Sayres,Sanhueza,10000,TU6789B,FirstClass,Aterrizado
334,Isak,Sanhueza,20000,TU6789B,EconomyClass,Aterrizado
458,Kassi,Sanhueza,37000,GU2345F,ExecutiveClass,En Vuelo
582,Grier,Sanhueza,42000,HY4567D,FirstClass,Demorado
706,Lia,Sanhueza,20000,HY4567D,EconomyClass,Demorado
830,Cale,Sanhueza,50000,FR5678G,EconomyClass,En Horario
954,Laetitia,Sanhueza,33000,MM0987B,EconomyClass,En Horario
10,Aggie,Sepúlveda,15000,BA2491A,FirstClass,Aterrizado
134,Stephenie,Sepúlveda,50000,BA2491A,ExecutiveClass,Aterrizado
258,Sydelle,Sepúlveda,30000,BA2491A,EconomyClass,Aterrizado
382,Alister,Sepúlveda,33000,BA2491A,EconomyClass,Aterrizado
506,Lothaire,Sepúlveda,20000,GU2345F,EconomyClass,En Vuelo
630,Lyndy,Sepúlveda,37000,HY4567D,ExecutiveClass,Demorado
754,Amber,Sepúlveda,42000,FR5678G,FirstClass,En Horario
878,Ralf,Sepúlveda,12000,FR5678G,EconomyClass,En Horario
8,Henrieta,Silva,30000,IB0800A,FirstClass,Aterrizado
132,Dante,Silva,30000,BA2491A,ExecutiveClass,Aterrizado
256,Gusty,Silva,10000,BA2491A,EconomyClass,Aterrizado
380,Fran,Silva,30000,BA2491A,EconomyClass,Aterrizado
504,Karie,Silva,25000,GU2345F,EconomyClass,En Vuelo
628,Maddy,Silva,25000,HY4567D,ExecutiveClass,Demorado
752,Arch,Silva,33000,FR5678G,FirstClass,En Horario
876,Cecil,Silva,37000,FR5678G,EconomyClass,En Horario
6,Gayle,Soto,30000,MM0987B,FirstClass,En Horario
130,Omero,Soto,10000,BA2491A,ExecutiveClass,Aterrizado
254,Morris,Soto,10000,BA2491A,EconomyClass,Aterrizado
378,Brigg,Soto,10000,BA2491A,EconomyClass,Aterrizado
502,Callie,Soto,50000,GU2345F,EconomyClass,En Vuelo
626,Menard,Soto,37000,HY4567D,ExecutiveClass,Demorado
750,Zsa zsa,Soto,20000,FR5678G,FirstClass,En Horario
874,Estella,Soto,20000,FR5678G,EconomyClass,En Horario
89,Guenevere,Sáez,30000,MM0987B,ExecutiveClass,En Horario
213,Darwin,Sáez,18000,TU6789B,FirstClass,Aterrizado
337,Lira,Sáez,30000,TU6789B,EconomyClass,Aterrizado
461,Anthia,Sáez,37000,GU2345F,ExecutiveClass,En Vuelo
585,Horatius,Sáez,18000,HY4567D,FirstClass,Demorado
709,Hagan,Sáez,50000,HY4567D,EconomyClass,Demorado
833,Oby,Sáez,12000,FR5678G,EconomyClass,En Horario
957,Floyd,Sáez,15000,MM0987B,EconomyClass,En Horario
29,Gaye,Sánchez,37000,IB0800A,FirstClass,Aterrizado
106,Nance,Sánchez,10000,MM0987B,ExecutiveClass,En Horario
153,Byram,Sánchez,42000,IB0800A,EconomyClass,Aterrizado
230,Liana,Sánchez,33000,TU6789B,FirstClass,Aterrizado
277,Kiel,Sánchez,50000,TU6789B,ExecutiveClass,Aterrizado
354,Kurtis,Sánchez,50000,TU6789B,EconomyClass,Aterrizado
401,Vail,Sánchez,33000,MM0987B,EconomyClass,En Horario
478,Brooke,Sánchez,20000,GU2345F,EconomyClass,En Vuelo
525,Edan,Sánchez,20000,GU2345F,EconomyClass,En Vuelo
602,Brian,Sánchez,20000,HY4567D,FirstClass,Demorado
649,Ruthy,Sánchez,20000,HY4567D,EconomyClass,Demorado
726,Jonathon,Sánchez,50000,IB0800A,EconomyClass,Aterrizado
773,Juliana,Sánchez,50000,FR5678G,ExecutiveClass,En Horario
850,Amanda,Sánchez,37000,FR5678G,EconomyClass,En Horario
897,Gabriell,Sánchez,10000,FR5678G,EconomyClass,En Horario
974,Herrick,Sánchez,30000,IB0800A,EconomyClass,Aterrizado
22,Eugene,Tapia,50000,BA2491A,FirstClass,Aterrizado
146,Armand,Tapia,15000,IB0800A,EconomyClass,Aterrizado
270,Edlin,Tapia,20000,TU6789B,ExecutiveClass,Aterrizado
394,Gaelan,Tapia,25000,MM0987B,ExecutiveClass,En Horario
518,Erda,Tapia,37000,GU2345F,EconomyClass,En Vuelo
642,Elinor,Tapia,33000,HY4567D,EconomyClass,Demorado
766,Toby,Tapia,20000,FR5678G,ExecutiveClass,En Horario
890,Madel,Tapia,12000,FR5678G,EconomyClass,En Horario
94,My,Toro,18000,MM0987B,ExecutiveClass,En Horario
218,Romola,Toro,50000,TU6789B,FirstClass,Aterrizado
342,Floria,Toro,12000,TU6789B,EconomyClass,Aterrizado
466,Carlye,Toro,37000,GU2345F,ExecutiveClass,En Vuelo
590,Trumaine,Toro,15000,HY4567D,FirstClass,Demorado
714,Jerrylee,Toro,10000,HY4567D,EconomyClass,Demorado
838,Hashim,Toro,50000,FR5678G,EconomyClass,En Horario
962,Burty,Toro,12000,BR3456J,EconomyClass,Demorado
16,Iver,Torres,12000,BA2491A,FirstClass,Aterrizado
121,Patrizio,Torres,15000,IB0800A,ExecutiveClass,Aterrizado
140,Corbin,Torres,42000,BA2491A,ExecutiveClass,Aterrizado
245,Donal,Torres,18000,TU6789B,ExecutiveClass,Aterrizado
264,Stephen,Torres,37000,TU6789B,ExecutiveClass,Aterrizado
369,Deni,Torres,42000,TU6789B,EconomyClass,Aterrizado
388,Shauna,Torres,25000,TU6789B,EconomyClass,Aterrizado
493,Joshia,Torres,33000,GU2345F,EconomyClass,En Vuelo
512,Bird,Torres,18000,MM0987B,EconomyClass,En Horario
617,Kirk,Torres,30000,HY4567D,ExecutiveClass,Demorado
636,Abigail,Torres,18000,HY4567D,EconomyClass,Demorado
741,Carleton,Torres,15000,FR5678G,FirstClass,En Horario
760,Sidonia,Torres,10000,FR5678G,FirstClass,En Horario
865,Devonna,Torres,18000,FR5678G,EconomyClass,En Horario
884,Lona,Torres,30000,FR5678G,EconomyClass,En Horario
989,Wandie,Torres,25000,BA2491A,EconomyClass,Aterrizado
1000,Saleem,Torres,20000,MM0987B,EconomyClass,En Horario
73,Cristi,Valdés,42000,IB0800A,FirstClass,Aterrizado
197,Alasteir,Valdés,20000,BA2491A,ExecutiveClass,Aterrizado
321,Wilona,Valdés,25000,BA2491A,EconomyClass,Aterrizado
445,Ozzie,Valdés,20000,GU2345F,ExecutiveClass,En Vuelo
569,Carter,Valdés,33000,GU2345F,EconomyClass,En Vuelo
693,Baxy,Valdés,20000,HY4567D,EconomyClass,Demorado
817,Cynthia,Valdés,25000,FR5678G,EconomyClass,En Horario
941,Nina,Valdés,25000,IB0800A,EconomyClass,Aterrizado
20,Bellanca,Valenzuela,15000,BA2491A,FirstClass,Aterrizado
144,Flora,Valenzuela,33000,IB0800A,EconomyClass,Aterrizado
268,Channa,Valenzuela,50000,TU6789B,ExecutiveClass,Aterrizado
392,Vikki,Valenzuela,33000,MM0987B,ExecutiveClass,En Horario
516,Pernell,Valenzuela,50000,GU2345F,EconomyClass,En Vuelo
640,Wolfy,Valenzuela,33000,HY4567D,EconomyClass,Demorado
764,Roslyn,Valenzuela,10000,FR5678G,FirstClass,En Horario
888,Katlin,Valenzuela,25000,FR5678G,EconomyClass,En Horario
66,Dominica,Vargas,33000,IB0800A,FirstClass,Aterrizado
190,Waldon,Vargas,30000,MM0987B,ExecutiveClass,En Horario
314,Charisse,Vargas,50000,TU6789B,EconomyClass,Aterrizado
438,Gardie,Vargas,12000,GU2345F,FirstClass,En Vuelo
562,Erica,Vargas,10000,GU2345F,EconomyClass,En Vuelo
686,Rosalyn,Vargas,37000,HY4567D,EconomyClass,Demorado
810,Efrem,Vargas,20000,FR5678G,EconomyClass,En Horario
934,Dorette,Vargas,37000,IB0800A,EconomyClass,Aterrizado
47,Raine,Vega,30000,IB0800A,FirstClass,Aterrizado
171,Clair,Vega,37000,IB0800A,EconomyClass,Aterrizado
295,Catriona,Vega,42000,TU6789B,ExecutiveClass,Aterrizado
419,Ed,Vega,18000,TU6789B,EconomyClass,Aterrizado
543,Margeaux,Vega,18000,GU2345F,EconomyClass,En Vuelo
667,Kennan,Vega,12000,HY4567D,EconomyClass,Demorado
791,Ki,Vega,42000,FR5678G,ExecutiveClass,En Horario
915,Tyrone,Vega,15000,MM0987B,EconomyClass,En Horario
96,Martino,Venegas,15000,IB0800A,ExecutiveClass,Aterrizado
220,Mozes,Venegas,25000,TU6789B,FirstClass,Aterrizado
344,Genevra,Venegas,10000,TU6789B,EconomyClass,Aterrizado
468,Kendell,Venegas,25000,GU2345F,ExecutiveClass,En Vuelo
592,Corabelle,Venegas,37000,HY4567D,FirstClass,Demorado
716,Elita,Venegas,18000,IB0800A,EconomyClass,Aterrizado
840,Wadsworth,Venegas,30000,FR5678G,EconomyClass,En Horario
964,Ansley,Venegas,37000,BR3456J,EconomyClass,Demorado
45,Nikoletta,Vera,50000,MM0987B,FirstClass,En Horario
169,Farley,Vera,12000,IB0800A,EconomyClass,Aterrizado
293,Russell,Vera,50000,BA2491A,EconomyClass,Aterrizado
417,Sibley,Vera,20000,TU6789B,EconomyClass,Aterrizado
541,Deny,Vera,18000,GU2345F,EconomyClass,En Vuelo
665,Wheeler,Vera,25000,HY4567D,EconomyClass,Demorado
789,Florella,Vera,25000,FR5678G,ExecutiveClass,En Horario
913,Anetta,Vera,10000,MM0987B,EconomyClass,En Horario
38,Roda,Vergara,25000,MM0987B,FirstClass,En Horario
162,Ofella,Vergara,50000,IB0800A,EconomyClass,Aterrizado
286,Jodi,Vergara,30000,BA2491A,EconomyClass,Aterrizado
410,Fidelia,Vergara,12000,TU6789B,EconomyClass,Aterrizado
534,Bunnie,Vergara,33000,GU2345F,EconomyClass,En Vuelo
658,Dorrie,Vergara,42000,HY4567D,EconomyClass,Demorado
782,Laughton,Vergara,15000,FR5678G,ExecutiveClass,En Horario
906,Lynn,Vergara,37000,BR3456J,ExecutiveClass,Demorado
74,Cristie,Vidal,25000,IB0800A,ExecutiveClass,Aterrizado
198,Eleonora,Vidal,42000,BA2491A,EconomyClass,Aterrizado
322,Richard,Vidal,42000,BA2491A,EconomyClass,Aterrizado
446,Rina,Vidal,20000,GU2345F,ExecutiveClass,En Vuelo
570,Retha,Vidal,15000,GU2345F,EconomyClass,En Vuelo
694,Terrie,Vidal,42000,HY4567D,EconomyClass,Demorado
818,Hyatt,Vidal,20000,FR5678G,EconomyClass,En Horario
942,Vernen,Vidal,18000,IB0800A,EconomyClass,Aterrizado
28,Doro,Vásquez,33000,IB0800A,FirstClass,Aterrizado
152,Babbie,Vásquez,15000,IB0800A,EconomyClass,Aterrizado
276,Dru,Vásquez,50000,TU6789B,ExecutiveClass,Aterrizado
400,Prince,Vásquez,25000,MM0987B,EconomyClass,En Horario
524,Janey,Vásquez,42000,GU2345F,EconomyClass,En Vuelo
648,Ethan,Vásquez,12000,HY4567D,EconomyClass,Demorado
772,Alica,Vásquez,37000,FR5678G,ExecutiveClass,En Horario
896,Oberon,Vásquez,15000,FR5678G,EconomyClass,En Horario
67,Blanch,Vázquez,15000,IB0800A,FirstClass,Aterrizado
123,Pippa,Vázquez,20000,IB0800A,ExecutiveClass,Aterrizado
191,Bethina,Vázquez,15000,MM0987B,ExecutiveClass,En Horario
247,Dotty,Vázquez,42000,TU6789B,ExecutiveClass,Aterrizado
315,Timothea,Vázquez,20000,TU6789B,EconomyClass,Aterrizado
371,Franni,Vázquez,42000,TU6789B,EconomyClass,Aterrizado
439,Leelah,Vázquez,25000,GU2345F,FirstClass,En Vuelo
495,Willey,Vázquez,15000,GU2345F,EconomyClass,En Vuelo
563,Keith,Vázquez,10000,GU2345F,EconomyClass,En Vuelo
619,Lyndsay,Vázquez,42000,HY4567D,ExecutiveClass,Demorado
687,Devondra,Vázquez,10000,HY4567D,EconomyClass,Demorado
743,Pancho,Vázquez,18000,FR5678G,FirstClass,En Horario
811,Susi,Vázquez,18000,FR5678G,EconomyClass,En Horario
867,Emmanuel,Vázquez,30000,FR5678G,EconomyClass,En Horario
935,Jillane,Vázquez,37000,IB0800A,EconomyClass,Aterrizado
991,Zaccaria,Vázquez,33000,MM0987B,EconomyClass,En Horario
69,Paulita,Yáñez,50000,IB0800A,FirstClass,Aterrizado
193,Zolly,Yáñez,25000,MM0987B,ExecutiveClass,En Horario
317,Web,Yáñez,37000,BA2491A,EconomyClass,Aterrizado
441,Regine,Yáñez,10000,GU2345F,FirstClass,En Vuelo
565,Rutherford,Yáñez,15000,GU2345F,EconomyClass,En Vuelo
689,Terrence,Yáñez,42000,HY4567D,EconomyClass,Demorado
813,Agnes,Yáñez,42000,FR5678G,EconomyClass,En Horario
937,Randy,Yáñez,15000,IB0800A,EconomyClass,Aterrizado
76,Nananne,Zúñiga,33000,IB0800A,ExecutiveClass,Aterrizado
200,Alana,Zúñiga,30000,BA2491A,EconomyClass,Aterrizado
324,Ad,Zúñiga,33000,BA2491A,EconomyClass,Aterrizado
448,Lenora,Zúñiga,18000,GU2345F,ExecutiveClass,En Vuelo
572,Antonella,Zúñiga,15000,GU2345F,EconomyClass,En Vuelo
696,Erhard,Zúñiga,33000,HY4567D,EconomyClass,Demorado
820,Mag,Zúñiga,12000,FR5678G,EconomyClass,En Horario
944,Isabeau,Zúñiga,37000,BA2491A,EconomyClass,Aterrizado
27,Anthea,Álvarez,42000,MM0987B,FirstClass,En Horario
115,Harmon,Álvarez,50000,IB0800A,ExecutiveClass,Aterrizado
151,Meryl,Álvarez,12000,IB0800A,EconomyClass,Aterrizado
239,Chet,Álvarez,42000,TU6789B,FirstClass,Aterrizado
275,Charmian,Álvarez,15000,TU6789B,ExecutiveClass,Aterrizado
363,Neilla,Álvarez,50000,TU6789B,EconomyClass,Aterrizado
399,Esdras,Álvarez,37000,MM0987B,ExecutiveClass,En Horario
487,Rorie,Álvarez,25000,GU2345F,EconomyClass,En Vuelo
523,Eddy,Álvarez,12000,GU2345F,EconomyClass,En Vuelo
611,Pearla,Álvarez,20000,HY4567D,ExecutiveClass,Demorado
647,Felike,Álvarez,12000,HY4567D,EconomyClass,Demorado
735,Kaia,Álvarez,25000,IB0800A,EconomyClass,Aterrizado
771,Portia,Álvarez,33000,FR5678G,ExecutiveClass,En Horario
859,Abramo,Álvarez,37000,FR5678G,EconomyClass,En Horario
895,Frasquito,Álvarez,15000,FR5678G,EconomyClass,En Horario
983,Josi,Álvarez,12000,BA2491A,EconomyClass,Aterrizado
994,Raquela,Álvarez,12000,MM0987B,EconomyClass,En Horario
